Frequence,Quantite,Montant
1,74215,77183.6
7,2458,4310.0
4,2332,1437.24
1,630,1457.55
1,196,294.4
7,526,1385.74
1,20,89.0
1,530,1079.4
1,240,459.4
3,1573,2487.43
1,2708,6207.67
2,242,928.0600000000001
4,1622,6372.58
3,1156,2302.06
1,90,174.9
10,2197,4737.23
2,408,552.0
4,1499,1208.1
1,173,320.69
1,172,150.9
4,2350,3425.69
1,582,1527.96
3,788,1196.04
1,196,324.6
1,339,622.93
2,176,377.5
2,942,1548.12
1,2529,4008.62
2,402,777.24
4,1110,2427.81
3,797,1474.81
5,1518,1628.56
2,122,425.27000000000004
2,354,401.9
6,1462,2780.66
1,350,504.84000000000003
1,300,460.89
4,816,1582.6000000000001
2,808,1080.48
12,2097,2682.63
2,1250,2214.9
1,1389,1435.66
4,1173,1033.65
1,10,69.3
1,92,195.6
1,94,391.7
1,849,1390.39
2,1818,3415.3
5,1403,1507.1200000000001
5,1391,2618.55
3,5551,11072.67
2,207,533.33
3,824,1142.88
3,282,686.1
3,297,442.41
20,77669,124564.53
9,1527,3226.1
1,407,668.58
1,345,600.39
4,478,639.04
3,367,683.5600000000001
8,1324,1634.31
2,740,1760.96
1,496,777.2
1,254,510.73
3,526,699.8
8,3509,6405.26
4,1538,3388.4
1,116,216.4
15,2911,6382.45
4,1800,4359.32
7,11071,13375.87
2,394,806.14
2,2055,7829.89
1,209,429.01000000000005
18,2894,4447.41
2,1169,2466.85
1,120,155.55
1,181,144.06
5,1132,4085.46
1,60,77.4
1,351,1002.3100000000001
1,187,431.49
1,240,365.45
4,1523,3596.29
2,128,197.88
5,6574,8995.52
1,181,348.57
1,473,707.09
1,1006,3528.34
5,2084,2339.86
3,1618,2581.04
6,836,2043.23
2,502,787.4
1,282,626.88
2,527,937.59
4,768,1200.78
8,95,957.05
2,475,682.1899999999999
2,362,657.54
27,8104,17424.05
7,4120,6068.11
3,2419,2596.23
18,4812,6745.79
1,532,669.38
11,2357,5898.42
6,3653,13219.74
1,233,545.99
1,382,473.2
4,1685,2885.63
10,3272,5020.32
8,1094,1910.98
4,2170,3953.72
3,526,1244.66
1,103,298.93
10,3033,4859.93
1,258,424.40000000000003
2,190,227.21
2,204,379.74
7,698,1084.1000000000001
1,1231,953.1
3,156,349.70000000000005
11,2667,4059.82
1,1775,2025.39
5,794,2995.87
2,87,428.04999999999995
1,23,73.5
3,896,1052.81
2,272,398.27
1,54,158.5
2,347,814.5699999999999
2,99,138.03
1,459,558.29
1,440,1017.68
1,128,278.7
2,868,1186.06
4,1361,2322.84
5,1306,1840.89
1,180,286.84
5,1423,2346.2599999999998
1,306,545.68
2,192,156.72
11,860,1699.77
8,3669,3945.72
3,624,1172.66
3,233,330.71000000000004
6,740,1645.48
4,904,1500.28
1,45,125.22
1,151,313.83000000000004
1,645,981.18
2,219,716.35
1,2801,4279.71
1,191,363.95
4,2067,5568.35
17,6620,11580.24
3,675,841.18
1,134,316.7
2,517,832.39
2,628,1021.5
2,132,151.79999999999998
1,48,67.19999999999999
1,564,824.83
1,100,168.0
1,85,317.82
10,1942,3278.28
2,358,603.71
5,4384,11990.960000000001
1,196,269.96
2,281,525.71
2,1098,1918.01
1,177,238.85
7,1757,3385.7400000000002
1,130,402.9
1,80,145.92
1,262,297.65
10,4261,8609.28
32,1747,3152.69
2,523,519.61
2,446,912.42
1,84,160.54000000000002
1,59,182.45000000000002
5,967,1315.83
3,471,653.85
2,1182,2402.51
1,282,386.42
1,236,379.7
1,160,179.71
2,296,351.36
15,5028,6705.38
9,413,2254.15
2,1267,1824.1
1,79,196.94000000000003
1,50,104.0
1,52,174.89999999999998
2,302,574.68
1,4282,9341.26
1,225,368.85
2,288,401.6
3,204,382.09999999999997
9,1772,3208.2200000000003
2,468,450.27
4,2214,3195.22
7,1952,2807.08
7,948,888.58
10,758,2311.04
5,240,487.06
1,162,153.12
1,56,613.1999999999999
2,200,236.18
1,1228,1579.51
3,639,964.85
4,1039,1747.54
1,846,1193.32
1,260,668.0400000000001
4,1630,3092.38
1,76,315.6
4,1365,2093.19
2,280,641.3
1,213,355.53
1,95,137.31
8,3360,2945.56
3,1179,1303.41
20,7369,12411.67
1,68,162.1
1,189,269.1
2,351,569.13
2,1597,2413.82
9,3416,5954.48
6,2730,4082.53
3,445,732.46
2,542,1030.88
1,232,480.5
4,1149,1929.98
2,1162,1509.18
8,2991,5823.9
1,573,511.69
1,198,366.1
3,301,994.58
1,71,145.9
3,546,905.26
6,1788,3041.64
1,325,477.91
4,1076,1631.18
2,897,1346.97
12,1400,3146.82
1,159,300.05
3,583,569.51
1,250,242.44000000000003
1,78,114.0
1,498,793.98
2,919,2209.85
5,260,529.98
5,1699,3619.17
4,1032,1427.18
1,317,632.05
1,104,73.68
1,126,227.1
11,2041,3543.78
9,1188,4391.88
1,36,45.0
1,391,460.13
4,1599,3177.15
2,1104,1427.73
5,1383,2744.05
1,78,225.89999999999998
2,349,574.52
4,1126,1844.6
6,664,1091.39
9,10900,16331.46
4,545,951.02
4,439,790.81
22,7457,12365.54
31,5505,11028.22
14,4934,7612.57
6,1973,2073.63
6,1507,2575.08
1,106,71.14
1,3028,4873.8099999999995
2,622,1139.61
1,103,335.01
5,388,927.8
4,247,711.91
2,503,761.67
4,220,582.1
3,503,757.59
4,2944,4525.99
2,674,725.71
1,52,201.0
1,163,265.55
8,991,1740.84
8,3970,6382.29
1,256,603.42
10,1292,2442.91
15,3919,9430.52
3,844,1023.02
13,1036,3928.13
1,505,794.55
5,3046,4294.86
1,195,273.86
2,703,963.49
2,502,830.98
1,201,202.25
2,370,572.95
25,4635,5115.7300000000005
6,1944,2386.13
4,565,979.63
5,433,707.07
4,439,923.41
1,162,371.8
7,3132,2411.1
7,2068,3440.7
4,413,728.33
1,231,417.01
12,8429,18751.91
1,110,218.26000000000002
1,137,383.95
1,88,110.39999999999999
2,363,689.5699999999999
1,168,144.0
1,147,137.35
1,485,975.54
1,342,427.6
2,319,546.43
4,5234,9120.39
11,1275,4196.01
206,25511,32317.32
5,1470,4040.88
1,137,275.88
1,2262,4366.78
6,11421,21429.39
3,6481,3010.74
2,1491,3811.95
1,144,112.07999999999998
9,2394,4199.2
2,2135,2791.59
3,894,1411.44
2,1220,1702.52
2,316,494.08
1,386,1693.88
7,3627,6457.63
1,356,1143.6
1,743,1351.45
1,551,752.47
5,870,1281.04
6,817,693.23
8,2024,3981.36
2,670,786.74
5,1072,1938.92
4,611,1295.87
1,298,518.42
1,129,255.95
3,258,418.66
1,3,76.85
1,164,294.92
1,96,177.60000000000002
1,215,344.53999999999996
2,292,461.48
2,592,860.41
1,64,318.48
1,117,226.03
3,5256,6977.04
1,312,397.58
3,187,455.65000000000003
1,217,405.31
2,227,458.85
1,164,229.64000000000001
1,48,85.92
2,374,863.46
2,125,452.20000000000005
1,52,126.03999999999999
1,920,1182.0800000000002
4,722,942.34
1,70,92.72
2,550,948.88
5,230,1759.5
1,232,397.12
7,1058,1474.72
3,197,430.15000000000003
6,494,1018.71
2,376,293.0
6,9848,6814.64
1,135,215.05
2,195,383.03
1,156,417.38
1,110,312.38
4,1064,2612.86
1,24,134.1
2,359,683.13
14,3807,5591.42
4,1511,2726.77
25,2757,4022.35
2,547,1118.99
8,781,1702.26
2,125,325.96000000000004
4,204,354.09
1,909,871.54
2,605,1033.25
1,109,135.18
1,149,311.55
6,800,1957.1000000000001
3,627,1324.5
1,30,38.1
6,1079,2179.93
2,343,1106.4
1,188,521.2
1,216,147.12
2,925,1568.23
1,167,499.12
7,4298,4036.82
6,928,1607.0600000000002
2,200,380.64
2,319,599.97
1,128,374.0
2,2019,343.2300000000001
2,1930,2053.02
12,1178,1535.77
2,547,854.99
3,370,573.22
1,21,298.0
2,246,1463.04
4,196,703.47
1,43,309.05
3,655,1175.22
2,770,1378.4
2,76,354.12
1,259,380.46999999999997
3,950,331.0
1,96,188.14
2,210,372.8
2,110,216.5
28,23075,17654.54
1,66,138.68
2,302,509.58
5,1749,2919.81
2,1200,750.0
5,1280,2178.67
8,1692,3075.04
5,670,1662.3
5,1419,2483.63
2,93,363.65
4,1119,3006.15
1,120,594.0
6,673,1335.19
1,129,164.23
37,9526,16587.09
1,370,405.38
1,68,175.72
4,480,925.75
2,541,694.05
5,1472,2062.7000000000003
1,37,117.85
2,252,415.8
15,28004,42055.96
3,499,607.53
7,1853,2160.7
4,559,1063.9
4,1007,1504.27
1,140,114.14
8,4876,11581.8
2,411,913.54
3,203,683.9
2,289,604.51
1,165,462.95
6,1165,1603.99
7,1080,2064.95
8,2381,4167.22
3,1380,1843.0
6,503,1064.07
4,653,1387.79
1,84,329.85
11,3664,4757.16
1,34,108.07
8,2549,4017.54
2,129,266.39
8,881,1856.63
1,283,771.91
1,75,160.18
2,438,1660.9
1,73,135.95
4,310,452.24
86,9289,11189.91
1,24,144.8
1,561,738.6
1,12,39.239999999999995
9,886,7374.900000000001
2,242,372.21999999999997
1,288,390.54
1,26,97.5
2,1533,1239.38
2,219,558.7
1,136,535.32
15,2943,6924.110000000001
3,200,409.5
2,405,503.76
4,240,414.76
3,459,974.4200000000001
1,108,211.32
4,664,1226.89
3,342,455.88
3,379,534.85
13,5505,9818.82
1,73,120.94999999999999
3,103,149.05
18,4822,5655.91
2,172,513.7
1,55,81.57
1,175,229.46999999999997
1,13,50.550000000000004
8,824,1661.8400000000001
13,2224,4810.9400000000005
10,907,3466.2799999999997
5,1617,3346.28
3,527,789.89
1,48,204.0
28,5435,7277.7
9,1352,2616.38
2,280,599.9
5,1620,975.36
6,17280,6912.0
2,798,661.3199999999999
3,134,1247.5
2,394,799.48
2,375,1010.18
1,83,190.55
2,369,642.77
2,644,921.88
3,431,881.07
3,360,908.46
2,355,676.99
1,254,516.42
1,429,560.47
1,221,305.28000000000003
2,264,629.31
9,1390,3232.59
4,1238,1835.91
2,268,656.6800000000001
17,3747,5833.11
1,222,348.15000000000003
3,894,1214.41
3,52,271.40000000000003
1,35,183.4
1,123,307.53
1,107,248.61
1,343,346.98
4,516,1119.49
1,74,205.86
2,322,470.8
1,32,115.46000000000001
2,200,344.0
24,5885,4436.12
1,110,228.8
1,69,177.15
1,485,919.61
4,863,729.27
26,5630,12627.94
5,62,220.10000000000002
1,120,58.08
11,19160,28337.38
9,4324,3613.63
2,187,303.75
2,216,416.08000000000004
97,31070,58825.83
13,2262,8895.82
1,466,345.82
5,279,477.83
8,3961,7832.47
12,1716,1927.3200000000002
1,144,74.39999999999999
10,2363,6010.42
28,15968,28882.44
1,288,207.35999999999999
1,113,101.19
24,4204,6424.09
1,82,243.94
6,504,1098.48
1,18,76.5
4,1293,1531.6200000000001
1,298,350.06
2,520,786.54
7,388,1488.67
24,3050,12245.960000000001
4,1567,2294.78
1,291,501.14
8,945,984.91
5,410,1197.81
1,12,30.599999999999998
1,252,283.73
2,585,922.39
3,2147,3866.33
8,2143,2099.64
1,127,259.17
1,32,64.0
3,447,1073.3
1,20,77.3
2,32,109.8
4,1059,1793.58
1,4300,3096.0
5,1328,2607.61
8,2226,3650.41
6,473,962.39
7,2425,5064.94
3,186,423.72
5,1548,2388.75
1,258,307.09
1,21,110.95
4,145,618.52
1,154,228.91
4,144,712.8000000000001
12,1975,3707.12
4,1280,1676.06
1,363,1257.8700000000001
1,418,486.22
4,497,971.76
4,1439,1741.22
4,784,1201.06
4,1059,1437.85
1,56,91.8
1,29,112.75
4,1713,1688.29
2,1376,1021.48
1,216,417.2
4,773,779.33
4,682,1319.19
2,272,712.88
1,147,116.00999999999999
3,229,468.41
2,277,353.65
3,1394,2813.03
1,453,492.84
1,91,282.45
11,3570,5725.47
1,201,121.18
9,2208,3957.78
10,1691,1700.29
1,12,71.4
3,820,1575.89
1,95,236.02
1,25,114.60000000000001
2,842,260.68
2,595,911.94
1,50,117.88
1,26,60.7
4,1224,1797.78
6,2648,3401.2400000000002
37,6175,9802.12
4,516,870.09
4,800,869.46
2,130,250.26000000000002
5,768,1199.42
8,4253,5891.61
1,316,353.48
3,874,1197.42
3,310,788.08
5,1360,1520.58
1,297,333.74
3,262,533.98
1,88,62.63999999999999
4,196,819.2900000000001
2,243,844.86
2,88,163.20000000000002
2,1515,2152.95
7,3416,6463.84
1,80,108.21000000000001
1,99,257.7
1,200,358.0
1,63,160.95
14,1665,2806.97
7,776,1357.0
2,1004,605.12
1,441,1031.07
2,416,744.85
4,298,700.73
1,363,329.56
4,297,648.7
3,130,270.40000000000003
1,233,600.07
1,38,121.74000000000001
1,125,430.5
6,1602,1987.3
4,328,501.12
2,305,465.68
3,546,711.41
2,1572,1030.4
2,177,399.51
1,12540,0.0
3,287,698.58
1,132,292.32
1,142,557.62
2,210,944.1
1,125,200.29
34,4773,7428.85
5,1752,2107.66
12,4428,3834.2599999999998
19,1969,4521.49
10,3582,3192.65
15,3514,5346.2300000000005
1,200,590.0
1,253,217.38
2,96,276.56
1,153,138.98
2,161,590.9300000000001
4,176,258.4
1,537,542.73
1,73,137.75
3,522,814.86
3,307,1132.14
2,90,93.66
1,91,201.19
4,2051,2709.12
1,233,361.11
2,347,578.9399999999999
2,453,873.74
1,82,201.20000000000002
1,78,87.4
4,963,2089.85
1,96,360.0
1,30,142.5
1,203,371.89
4,343,600.19
1,5,63.75
1,238,300.42
10,1232,2000.86
1,4,15.0
3,843,1385.51
5,1544,1456.79
3,587,1132.03
2,305,598.57
5,851,1555.32
3,560,775.94
4,6948,5977.7300000000005
6,1035,2273.68
3,304,640.76
26,4724,10845.550000000001
4,1096,1548.7
2,372,567.36
1,117,199.48000000000002
5,175,787.85
10,5205,7121.95
1,240,675.3
8,1600,3627.77
1,680,1308.48
2,463,789.0
3,751,1140.93
1,179,350.9
3,1774,3536.82
1,559,795.12
1,255,437.02
1,326,860.12
7,5770,10736.48
1,301,775.85
1,134,303.43
3,971,2543.72
1,140,339.5
1,204,291.36
1,136,233.76
1,224,197.32
2,285,879.12
1,116,323.94
1,320,347.97999999999996
1,604,743.53
1,314,674.7
1,325,768.24
1,322,609.95
1,284,389.03
1,160,389.56
4,1382,3090.7400000000002
2,708,892.5
1,71,134.95999999999998
2,1247,2225.37
1,144,56.160000000000004
2,326,573.4
1,148,258.28000000000003
1,343,754.87
1,158,328.64
3,1651,3312.25
1,442,778.65
3,490,869.76
3,601,572.56
6,2029,3639.31
1,131,222.99
7,2422,4151.93
1,281,534.57
2,282,677.1
3,429,797.96
1,224,544.08
1,4,59.8
8,2392,2520.02
1,336,307.72
2,600,1360.99
5,430,1544.13
1,281,457.34
2,479,621.23
1,44,75.0
2,111,252.49
2,163,557.45
62,16232,28117.04
5,518,1003.06
1,72,213.55
3,1574,1390.5
2,142,712.5
2,162,640.83
18,3918,6127.43
1,275,221.06
2,101,159.85
2,1156,1840.58
1,1326,2626.3
3,1123,1624.21
10,2245,3641.32
3,545,582.6
1,156,218.47
4,1390,1006.8
2,751,679.45
2,672,1269.1
2,300,534.24
7,2129,3809.8900000000003
1,76,196.89
7,1283,3408.06
1,242,283.71
1,204,296.64
3,584,1129.14
6,1660,3539.37
1,222,291.88
6,1982,2043.7199999999998
5,2149,2976.15
2,2,590.0
2,134,356.97999999999996
2,354,1058.34
6,765,1766.72
14,5508,9646.57
2,286,183.44
3,1170,1445.0
1,62,151.5
1,403,674.68
1,259,307.9
2,584,1083.71
37,2589,5704.97
2,100,165.0
4,1590,2531.58
2,266,422.64
1,132,229.59
4,1012,1431.78
2,417,1238.47
6,1021,1454.58
2,134,300.95
5,1142,1804.56
1,116,184.64
1,160,140.34
1,44,313.8
1,277,454.24
3,669,1122.41
3,265,575.4
13,4518,8968.31
4,560,449.52
10,903,1215.82
3,408,1269.84
2,377,498.63
1,162,316.26000000000005
5,829,2044.8700000000001
2,341,653.33
2,163,348.05
5,1365,1159.11
3,609,1166.77
1,560,1340.32
3,264,292.0
1,248,216.85
1,178,295.93
4,2467,3633.63
2,324,458.52
4,1597,2479.16
1,24,110.97
6,1105,964.72
4,1386,1791.56
1,143,251.21
1,109,205.1
1,40,152.20000000000002
4,681,891.12
3,985,1389.41
3,1369,2128.42
1,392,659.4399999999999
1,23,122.75
6,1633,2984.35
3,733,1092.39
1,44,125.80000000000001
5,1752,3964.88
5,324,680.1800000000001
2,394,628.78
7,1692,2287.51
2,74,307.76
2,174,483.8
1,129,210.31
3,204,270.79
25,2961,5870.08
7,2136,3448.29
7,175,1280.85
3,320,631.34
2,127,291.41
3,359,626.99
2,441,682.41
7,458,918.2
1,12,91.80000000000001
12,1417,3740.07
4,2660,4149.28
2,546,584.06
4,344,605.06
1,64,174.37
1,83,141.85999999999999
3,757,1799.33
2,209,777.53
2,660,1198.38
2,172,240.22
2,575,874.71
1,70,192.85
2,163,372.25
1,161,239.49
12,1759,2092.32
1,534,1384.25
2,303,294.4
5,449,732.0699999999999
18,2646,6717.34
4,791,1687.6000000000001
2,176,467.04
1,30,118.0
1,725,781.03
1,37,142.4
1,180,712.4
9,2606,2478.95
2,114,379.65
6,1848,1981.92
3,485,1117.13
4,84,247.95999999999998
5,731,2037.0800000000002
1,359,396.97
2,406,697.04
1,58,180.17000000000002
21,3294,5153.67
1,324,219.52
2,548,693.32
1,267,428.89
1,164,164.34
3,279,280.53999999999996
1,290,678.01
7,516,1131.88
3,766,1171.8
4,570,1610.46
1,189,417.69
3,300,544.18
1,246,177.34
1,343,213.85
5,294,747.78
1,209,257.23
5,1269,1638.47
11,4372,7792.36
7,1391,2031.78
11,467,3070.42
5,1037,2121.27
5,704,1575.16
1,677,1071.03
5,592,949.12
3,408,809.25
1,93,122.64
1,800,1033.34
1,173,354.8
3,273,519.44
4,2067,2624.26
1,158,252.1
4,895,1678.1200000000001
2,139,346.6
6,922,1836.34
1,32,79.2
3,578,1095.08
6,2182,2707.33
2,605,932.97
2,490,379.65
2,209,382.14
5,1019,2639.17
2,894,1573.2
3,543,897.76
1,91,189.47
3,41,84.65
1,154,305.02
21,3742,6363.59
2,237,218.55
1,282,349.7
2,57,186.39000000000001
2,119,396.92
2,330,486.82000000000005
1,924,232.6
4,1936,3722.42
4,360,827.83
1,10,59.5
1,39,67.23
7,5056,3119.44
1,70,72.0
1,512,910.0
1,67,172.25
3,1226,1488.32
50,63312,65039.62
15,1603,2504.13
1,177,151.29999999999998
1,66,308.58000000000004
10,2304,2265.12
1,10,99.5
9,1531,2308.06
3,363,711.86
1,189,330.79
2,351,806.41
1,305,294.88
13,3516,6328.05
1,176,180.48
2,140,252.06
1,352,228.84
5,563,1079.34
1,138,138.28
6,1959,1445.01
2,173,306.55
5,609,1041.68
4,501,799.9
1,316,524.14
3,1401,2375.41
1,43,199.85000000000002
8,806,1980.56
2,1054,1079.6599999999999
2,162,333.48
6,458,1016.14
2,488,752.6
2,278,610.59
1,498,491.86
4,1130,2885.2400000000002
2,497,731.9
1,125,339.59999999999997
1,54,216.9
1,425,350.75
3,218,668.4300000000001
12,1124,3131.02
7,1776,1341.6
2,1249,1156.36
1,496,300.04
1,8,79.6
5,439,948.25
5,516,1647.26
1,152,296.25
6,876,1186.28
1,512,741.26
2,214,282.59999999999997
9,1264,2161.35
14,3188,5189.52
7,1844,3190.55
2,287,659.4100000000001
2,197,286.79
2,642,1070.65
1,272,306.72
1,728,1714.96
3,929,1518.76
37,7322,17220.36
10,1163,2796.51
4,1477,2634.45
3,546,1132.13
1,192,345.0
33,12897,25977.16
1,70,178.7
2,318,360.01
1,30,127.84
6,371,912.0
11,2493,2462.79
1,136,230.39999999999998
2,337,309.04
1,748,348.8
2,1200,1516.0
2,92,195.55
57,23948,37153.85
2,402,688.86
1,331,558.32
1,168,324.8
3,2572,4599.42
1,121,277.07
7,1498,2635.79
2,1900,924.6
1,56,256.38
1,36,112.6
5,782,1747.66
1,29,155.05
2,307,827.51
2,63,519.75
3,330,485.0
4,541,1168.8600000000001
2,864,1579.12
4,2540,3667.36
2,265,499.67
2,208,328.98
3,1109,1140.35
2,153,385.64
2,611,632.0
2,439,957.66
5,768,1698.94
1,82,189.5
3,141,412.05
1,311,209.49
6,745,2202.99
1,28,52.199999999999996
1,118,384.8
4,442,834.57
2,183,271.24
4,263,691.73
1,100,85.0
9,1768,3385.62
1,196,361.62
1,182,312.98
3,388,865.0600000000001
3,3700,1255.0
2,1016,1537.95
1,944,1595.48
3,1705,2651.46
1,312,1090.14
25,2296,8109.5199999999995
3,494,388.5
1,75,216.17
1,129,201.16
5,591,1245.9
8,1688,2209.36
1,224,305.78
4,204,501.56
1,57,145.67000000000002
3,513,1015.29
2,1964,3192.54
4,1721,3104.95
8,1325,2770.94
13,2806,6403.25
3,140,389.6
1,180,540.45
5,1316,1786.79
1,36,122.7
1,108,117.24
1,475,1281.53
13,1842,3219.77
20,10118,17159.52
5,953,1191.13
5,1436,2674.48
5,300,787.6
2,182,506.8
1,126,243.56
1,147,349.55
2,258,605.63
1,146,416.90000000000003
10,831,1883.8100000000002
4,983,632.97
1,190,821.1
3,354,564.62
4,1365,2593.07
1,200,311.16
1,133,155.93
2,156,388.52
3,430,740.95
5,1739,2867.2
2,332,332.64
4,1477,2319.55
9,2731,2580.91
2,380,626.45
2,228,272.04
2,1140,1212.8400000000001
2,472,348.81
1,93,172.25
1,185,351.13
6,1575,1838.8500000000001
4,331,678.25
1,104,223.85000000000002
1,214,348.99
4,129,464.57
2,143,842.65
2,274,337.34
2,725,1237.53
1,72,307.4
2,205,608.7900000000001
1,390,922.1
1,330,376.58
1,123,158.85
1,70,71.66
3,847,568.55
4,516,839.14
5,2364,5112.96
3,443,561.5699999999999
1,44,90.6
1,40,102.0
6,2474,2427.32
4,323,745.06
3,459,674.45
2,1430,3251.07
7,2724,3515.68
2,150,439.92
2,154,322.96
5,491,1026.42
3,357,598.2
2,142,230.22
2,87,169.55
4,460,664.54
1,42,80.7
18,4542,9053.94
8,1844,2758.26
2,187,190.25
1,109,264.7
1,249,413.59000000000003
6,1732,2526.28
1,154,357.98
2,315,196.79000000000002
1,639,869.87
1,172,200.14
4,1136,1871.81
12,1183,2603.43
5,679,920.51
15,3447,7060.13
1,430,320.46
6,3044,4147.96
2,1313,1266.08
1,190,311.3
6,997,854.97
1,64,76.8
9,900,3466.36
6,940,2313.14
5,879,1393.69
12,2243,3901.81
1,710,635.66
3,962,2043.0800000000002
2,877,529.73
7,2668,4582.64
5,2478,2874.72
3,641,962.19
2,365,695.61
1,160,328.8
3,462,473.02
1,1076,505.18
1,378,917.34
4,2124,4291.21
3,1037,1421.61
2,441,642.8
3,192,631.9
1,487,440.0
2,345,584.07
2,150,327.7
1,62,104.82
2,198,467.66
8,1479,2360.09
19,5788,17286.86
11,2032,2975.59
3,423,651.8199999999999
5,739,1428.02
1,268,626.65
2,46,147.20000000000002
3,965,1560.38
1,92,152.2
12,1554,3614.92
1,94,141.41
4,308,652.82
4,535,1659.75
1,443,151.59
5,381,1308.6100000000001
1,288,409.93
4,3870,5681.72
2,689,746.36
23,3756,15610.390000000001
1,89,225.36
2,215,260.25
1,62,92.46
1,216,725.6400000000001
23,4273,8214.65
17,4876,6217.96
1,128,183.6
19,5386,6140.42
12,5593,10464.85
5,1788,1353.74
1,45,152.55
2,361,374.7
1,73,265.85
8,957,1424.0
1,130,151.04
3,754,942.26
1,81,122.47
5,268,499.41999999999996
6,310,1049.37
1,301,375.1
1,48,45.599999999999994
2,596,934.52
1,110,182.25
9,732,1018.43
18,3184,4448.54
1,251,194.42
13,12665,50491.81
1,134,161.0
1,72,76.32000000000001
14,2066,4076.91
1,406,442.85
17,16336,53258.43
1,104,147.35
11,2179,3104.17
1,64,194.9
6,6942,5976.79
5,961,1360.28
2,72,216.20999999999998
1,800,1266.23
7,1793,2703.23
2,381,597.91
1,88,144.2
12,2457,5683.15
4,458,692.85
7,1651,2915.15
4,745,1840.42
2,101,386.53
5,707,1382.74
1,72,90.0
4,2082,2780.15
1,1618,419.58000000000004
3,1640,2740.43
3,508,706.1300000000001
3,321,709.71
2,564,637.5
5,592,1123.8600000000001
1,258,483.86
11,3368,3586.0299999999997
3,348,605.64
15,3850,4690.31
2,610,982.3800000000001
1,510,415.82
2,811,935.05
4,355,915.13
1,313,311.81
1,30,115.8
4,756,3742.2
5,2437,4191.0
2,108,483.4
1,16,157.2
1,218,446.62
2,496,658.64
2,711,621.29
2,465,1345.62
1,25,118.75
54,57872,116729.63
2,284,432.88
1,781,507.66
11,4405,4690.64
3,455,1110.52
2,142,289.36
4,893,2445.91
2,1033,1631.77
1,54,122.53999999999999
4,150,574.84
1,167,363.79
4,150,450.84
1,94,134.46
3,1515,3222.3
4,209,576.9000000000001
4,205,559.41
7,1503,1600.93
2,330,719.78
25,719,4748.52
1,127,452.89
1,6,197.65
6,1162,2054.36
15,3937,4654.08
13,3662,4684.76
2,445,853.39
21,5840,11349.52
2,760,1012.0
1,142,335.52
4,290,701.4
1,28,185.39999999999998
7,590,747.44
1,82,161.03
2,204,466.7
1,276,328.15999999999997
1,114,151.74
6,691,2073.43
6,760,1905.8400000000001
9,1242,2241.1
1,1152,1070.48
5,751,1004.38
6,1358,1789.72
4,594,1839.3
17,689,2004.98
1,160,169.48000000000002
1,78,89.94
2,272,632.4
9,2191,3432.8
1,607,683.17
3,585,991.13
4,514,1050.12
5,1308,2232.19
10,1820,3350.96
3,610,1547.2
3,409,925.71
5,1941,2048.07
4,680,1462.72
4,963,775.46
5,1959,3144.86
2,310,490.86
1,38,161.0
1,111,146.85
11,993,2380.85
2,418,890.34
1,146,213.70000000000002
2,123,280.55
10,1221,2588.77
2,976,1693.45
3,804,1474.06
1,47,136.76999999999998
1,102,302.58
3,1200,1904.05
5,1674,2879.7000000000003
2,414,969.0600000000001
5,1682,3099.7200000000003
9,7100,12669.98
1,68,120.0
2,406,1163.45
8,1645,2618.23
2,70,333.97
2,330,530.18
3,530,1516.24
1,197,492.65000000000003
1,88,112.32
2,599,437.96
4,264,559.97
3,744,1119.74
3,1982,4180.2
1,52,134.04
15,2668,3729.34
2,161,595.25
4,541,1910.01
3,4338,4628.75
3,261,176.63
1,188,426.6
6,292,911.26
5,915,2314.65
11,2749,3883.25
9,1663,4871.93
4,709,1046.56
1,84,166.20000000000002
4,865,1305.33
44,58343,51527.3
9,2149,3965.62
1,32,43.2
1,606,640.14
1,139,383.45
3,1089,1858.96
2,1075,2093.32
6,2058,2995.72
9,1633,2352.53
1,146,310.26
6,1012,1611.59
1,296,120.0
6,1021,2481.13
1,255,508.58000000000004
2,325,477.79
5,2406,1530.75
2,350,605.0600000000001
1,103,183.85
1,139,311.65
7,3095,5014.84
2,252,462.65999999999997
3,481,866.31
1,58,415.2
8,1731,2552.21
2,379,468.26
4,1759,1614.91
2,335,588.22
1,168,309.52
1,58,134.7
8,1403,2182.28
4,347,668.5600000000001
8,477,889.9300000000001
1,50,108.97999999999999
2,605,1021.58
1,183,409.57
1,86,133.5
1,183,282.93
1,12,51.0
4,538,1078.96
1,64,90.6
2,210,163.62
1,92,174.4
2,277,701.23
1,148,225.77
3,371,912.18
4,1151,2128.23
1,100,161.2
8,1967,3717.35
16,4438,9261.52
1,36,155.0
1,34,100.5
1,17,76.55
1,194,257.68
2,219,617.05
2,292,348.1
1,146,202.68
1,1237,626.0699999999999
3,817,1247.69
3,159,202.11
1,54,142.4
3,819,1770.56
8,1941,3212.84
2,729,1043.46
9,2136,4652.82
1,13,67.95
9,1693,3507.71
2,225,487.99
19,1890,2612.96
1,454,574.7
13,4507,4051.48
4,519,1475.81
6,839,1474.32
1,77,156.75
5,1414,2142.73
7,1616,2606.53
6,1230,2059.4500000000003
9,571,1104.07
1,196,1063.0
2,786,770.03
1,68,122.7
7,2512,1496.98
13,3011,5900.28
2,326,490.22
3,1711,1937.25
6,487,1058.06
1,334,387.52
2,365,813.11
6,2906,4263.64
1,120,265.2
1,48,322.08
10,2699,4481.67
2,228,363.34000000000003
5,436,1244.83
1,130,470.36
6,2070,2255.51
6,368,1372.8
1,129,89.06
1,60,63.0
1,82,131.9
1,526,2661.24
5,588,2357.6800000000003
4,446,1712.89
2,482,1589.82
4,938,1420.2
4,873,1034.78
5,571,1163.23
2,104,375.35
4,757,907.1
3,241,483.25
2,389,662.59
2,119,264.44
1,49,119.93
9,2871,3059.44
1,88,113.64
1,760,1837.92
3,881,434.34
3,765,2102.67
11,962,1999.02
3,179,529.62
3,405,1058.6200000000001
7,1006,2272.4
4,278,598.76
2,193,461.19
8,1160,1936.84
2,88,234.34000000000003
1,140,547.66
3,447,925.85
1,132,215.7
4,720,1309.6
2,117,316.25
1,143,279.05
2,489,636.51
6,1646,2068.15
1,97,137.1
1,210,321.92
1,71,165.75
6,735,1196.33
1,799,1064.28
1,299,463.38
2,139,340.93
5,1285,2383.2400000000002
1,92,139.56
2,62,123.8
2,159,538.8100000000001
1,235,475.37
5,1098,1957.32
3,501,815.32
3,117,356.85
2,161,251.21
11,1482,2467.63
6,2004,3543.26
4,308,673.26
8,2759,5905.64
5,730,2012.17
6,600,1383.18
2,131,276.42
5,784,1314.81
2,122,275.28
3,361,455.59000000000003
3,589,1055.35
6,1134,2102.09
2,91,330.45
1,278,174.37
2,146,270.6
4,525,974.54
1,251,241.09
9,676,1867.68
9,2696,4332.2
55,2087,8507.82
1,278,364.21999999999997
3,348,620.04
6,1410,2925.91
4,284,932.85
7,4019,1949.72
18,2046,4445.4
3,1831,2864.19
1,40,171.8
1,120,355.56
2,155,388.25
2,428,537.48
3,421,996.26
8,647,1461.65
1,19,103.25
16,675,3590.68
2,1543,2024.45
5,1317,2578.09
8,2668,4007.54
2,256,652.8
1,136,289.24
2,394,765.62
2,106,186.23
1,91,165.07
5,493,859.27
4,1478,2381.04
2,130,324.14
1,510,788.38
22,1260,2237.77
3,1014,1080.76
18,1834,5074.77
4,1537,2949.12
1,800,1432.0
2,412,1530.3600000000001
1,79,227.39
2,94,217.21
7,1428,2832.84
9,544,1653.42
1,12,35.400000000000006
4,353,859.71
1,240,168.63
1,217,138.6
1,73,114.11
5,792,1052.55
4,383,1042.26
1,91,157.05
1,444,237.36
9,761,1601.14
1,5,39.75
4,1297,1447.14
3,415,570.46
3,332,617.99
2,185,379.83
6,978,1740.6
2,577,883.15
1,189,221.97
1,125,393.33000000000004
1,168,213.96
1,400,660.0
90,6214,12006.65
12,10734,15021.5
4,437,1785.15
4,7026,601.56
3,104,406.08000000000004
3,264,553.44
1,152,394.44
2,214,412.78000000000003
5,993,1788.3600000000001
1,146,320.58000000000004
5,407,884.57
2,162,225.85
2,335,899.63
4,1403,2791.27
2,272,671.96
2,380,959.01
3,622,1006.98
1,96,114.56
1,96,344.90000000000003
2,241,609.85
1,166,443.6
6,1431,2984.49
6,886,2125.08
1,90,110.46
1,76,96.12
2,815,693.8100000000001
2,258,830.76
2,381,597.09
73,197420,279138.02
1,95,243.22
4,1018,1417.29
2,344,654.6
1,53,114.18
7,949,1937.6
4,1089,1932.23
2,120,291.05
4,466,848.22
2,47,247.15
9,1195,2529.93
2,228,285.74
1,35,107.95
4,602,771.17
2,466,637.89
5,740,1835.7
1,155,179.95
25,5384,9236.95
3,775,1269.99
2,337,411.53
2,454,765.55
5,1004,1736.4
1,341,604.75
6,2500,2548.2400000000002
16,13476,28754.11
3,76,498.95
2,80,52.0
5,853,1236.28
1,470,628.38
21,3621,5630.87
1,76,112.8
2,170,371.7
5,707,2114.33
4,265,591.55
1,34,172.9
7,1630,2078.95
2,181,188.60999999999999
5,615,1250.76
1,77,109.13000000000001
3,1342,2235.3
9,932,2549.37
17,1454,3292.14
1,183,318.17
7,1074,1514.57
1,100,179.0
3,621,1126.37
13,2484,4921.04
4,378,606.13
11,978,2868.8
3,315,917.07
11,1615,2666.36
1,229,160.19
4,521,867.38
2,604,329.68
5,1032,1602.13
3,219,663.81
1,120,187.92000000000002
6,693,1156.6
1,593,718.08
1,62,268.58
1,197,313.49
8,1132,2005.06
3,256,380.02
8,1405,2702.4900000000002
12,3764,9585.91
31,2263,6050.69
3,345,1164.55
7,601,1314.45
7,3820,3902.28
3,735,1448.21
6,841,1400.34
7,627,1099.98
5,1038,1220.26
1,84,328.2
5,1223,1415.75
1,260,389.64
1,211,563.15
2,486,638.05
11,2219,5010.28
1,416,738.96
1,160,420.5
4,419,1484.06
3,569,1625.97
1,40,89.2
2,118,255.9
1,341,300.52
1,190,278.3
3,135,254.11
6,1349,2473.37
2,52,192.60000000000002
8,7435,10673.1
2,490,876.42
1,82,139.26
3,1174,1011.9
11,3134,2538.3
2,306,730.86
3,84,386.15
2,310,447.68
1,114,200.10000000000002
2,237,289.99
2,84,77.4
2,421,679.4399999999999
1,116,197.64
4,699,745.06
1,2,6.2
1,91,228.99
7,673,1319.91
1,17,131.45000000000002
17,6021,8020.93
3,150,173.74
1,146,157.7
12,3655,4339.74
1,175,193.14
3,370,845.55
1,121,353.27
4,115,554.65
1,330,193.39000000000001
8,2147,2741.17
11,1016,2087.88
2,67,155.43
2,744,778.5
1,5,271.85
2,653,1010.34
3,324,657.8
2,109,272.07
4,253,507.29
1,20,48.800000000000004
3,88,321.43
4,525,1127.71
12,991,2226.91
3,2172,2139.76
4,452,697.55
1,168,196.28
6,734,1720.3
3,45,102.44999999999999
4,1436,1649.5
1,31,62.85
6,1778,3295.76
4,1166,2824.69
4,1833,3189.81
1,120,309.4
25,5694,7930.54
1,293,325.75
2,325,511.35
6,1747,2836.69
2,82,475.8
7,1832,2759.83
2,267,645.65
3,714,1311.3799999999999
2,464,1173.12
4,671,1353.74
1,232,170.32
1,117,125.79
2,772,841.1999999999999
1,132,266.76
2,108,52.2
11,6751,14353.4
3,328,710.28
8,1405,2953.59
2,550,725.7
1,119,327.25
4,185,522.38
1,168,519.68
2,558,1465.3200000000002
9,802,1485.54
3,373,706.19
1,316,255.4
2,158,589.7
6,790,761.59
1,724,765.3199999999999
1,160,364.8
1,1100,1862.0
1,184,369.2
1,90,135.9
1,51,125.65
2,505,554.38
2,799,1237.8500000000001
1,265,655.75
20,4851,11138.710000000001
2,279,468.77000000000004
4,468,1366.38
6,1020,1303.52
9,661,1421.29
1,218,332.66
5,1536,2810.63
2,1985,1025.44
2,287,616.15
7,1691,3501.1
1,132,277.8
4,238,434.35
198,80429,136275.72
2,971,867.85
4,1743,1227.43
2,112,307.48
4,1136,1268.98
2,675,1610.15
2,509,977.77
2,953,1316.07
1,418,749.1
1,64,310.05
1,136,223.88
3,1166,2372.86
4,414,864.6800000000001
1,79,313.53
2,1042,1890.94
1,935,1784.71
8,4085,8137.02
3,484,1621.88
12,2815,5900.25
1,22,100.9
2,179,290.82
6,673,1101.97
1,136,371.2
1,311,311.69
11,3355,8099.49
1,225,289.82
1,127,336.17
1,34,58.49
3,129,499.68
4,494,695.42
2,221,221.27
9,3708,7044.68
1,44,126.7
5,1176,1487.8
1,143,206.21
2,365,599.0
1,187,191.32
1,140,463.8
1,127,147.59
4,250,1592.06
3,644,1116.57
1,28,114.77
3,369,1314.45
1,44,114.39
1,380,279.94
6,232,774.86
5,525,1931.42
1,97,102.12
2,60,213.27
2,260,296.75
2,128,326.4
1,141,334.54
2,103,233.23000000000002
3,1120,546.1999999999999
2,270,429.87
1,218,490.52
4,862,1641.76
1,629,1245.93
28,4245,6314.87
1,301,497.14
1,69,156.91
3,642,1261.78
1,184,308.94
2,231,423.04
2,151,260.17
1,76,170.04
1,63,125.58
3,189,496.21000000000004
1,159,266.0
9,847,1914.82
4,543,905.04
11,2862,6783.86
10,920,1661.33
1,189,377.01
3,225,464.2
4,565,1066.1499999999999
4,459,627.13
2,372,518.28
4,401,668.14
3,2968,4959.1
10,1693,2583.37
8,2422,4308.61
1,245,252.73000000000002
3,327,465.55
6,217,705.49
47,9209,19914.44
1,104,180.35
1,30,135.93
1,300,537.0
17,2795,7700.2300000000005
2,114,735.66
15,3450,5194.82
1,222,343.62
4,195,384.05
1,63,121.17000000000002
3,1224,1782.09
3,1011,1391.61
1,82,215.78
3,986,697.79
2,198,302.1
2,668,1489.5
11,1069,2124.9900000000002
9,604,1337.72
4,262,301.84
48,28920,54534.14
4,763,987.86
1,56,370.79999999999995
4,1383,3158.13
1,317,893.59
3,954,1744.76
2,364,553.36
1,520,1109.53
1,36,106.2
2,269,982.07
3,491,1043.41
1,455,748.87
1,447,773.03
1,571,880.85
32,5105,9743.11
4,389,895.61
5,190,504.8
1,38,88.2
1,470,306.94
2,460,1160.07
6,1359,2420.84
1,208,381.32
1,346,480.71
2,135,457.81
6,3760,4597.02
4,1079,1370.6
1,120,219.39000000000001
1,170,248.08
3,121,39916.5
1,343,410.48
3,80,876.0
2,241,317.53
2,329,703.36
2,637,1027.44
7,1211,2298.93
5,1181,1422.52
6,170,319.5
3,490,1159.25
1,131,484.95
4,246,996.1
3,710,1567.48
3,2385,3608.94
10,3096,2760.56
1,157,340.11
4,648,1352.75
5,1948,1551.78
1,1440,244.8
1,88,266.4
1,296,358.82
2,199,457.72
3,800,1633.78
2,1195,2199.31
2,233,184.19
15,6193,11528.48
1,251,406.53
4,1343,1471.0
11,1794,3447.4
1,197,330.11
5,679,977.9300000000001
3,680,982.42
8,887,1387.99
1,43,139.05
4,776,1286.7
2,208,178.96
7,1572,2354.25
1,365,498.74
1,150,259.45
17,3050,6580.44
4,756,1194.73
2,1473,1327.16
1,366,623.5
1,187,301.29
1,128,520.8000000000001
10,3658,5314.47
13,2704,4745.69
1,198,329.25
1,104,296.42
3,597,961.49
3,2392,1936.07
1,198,401.40000000000003
30,11441,18641.010000000002
1,84,158.16
2,186,304.47
3,360,843.05
1,160,487.75
1,67,163.0
1,52,106.56
1,290,1289.5
5,1611,1624.05
1,145,135.75
1,454,224.14
1,30,40.5
5,1938,2206.95
1,36,87.5
3,544,689.4799999999999
2,253,622.85
2,223,406.76
1,666,310.62
2,215,411.41
15,1886,4762.18
41,6149,16225.39
3,918,1044.32
1,144,499.32
15,5703,7616.53
1,1404,3861.0
3,469,1079.6100000000001
2,120,193.64
4,396,1268.7
5,1210,1236.54
6,1753,1827.8
1,258,316.58
2,378,653.24
4,162,420.29999999999995
5,316,870.12
1,228,331.18
2,240,894.4100000000001
1,36,101.8
2,272,328.35
8,1254,1661.44
3,225,734.94
1,28,96.6
11,3329,5756.89
1,45,305.75
6,1393,1778.96
1,43,403.25
1,440,585.0
2,213,755.75
2,152,322.08
1,226,409.40000000000003
1,71,154.41
5,750,1219.4
4,2255,3386.71
2,351,429.6
2,686,612.06
1,196,197.0
12,1324,2247.51
1,269,321.05
4,1071,1412.32
3,692,1071.99
2,594,780.59
5,1369,1706.57
8,1818,1756.44
1,185,316.68
2,405,631.57
3,1784,2515.84
2,247,514.15
1,160,356.0
13,3577,6688.46
11,6171,10484.99
2,522,740.78
5,866,918.1999999999999
1,275,300.36
1,489,890.85
1,55,98.45
1,46,317.15
2,142,623.16
7,885,1810.77
1,270,254.82
1,73,178.95000000000002
1,89,156.51
1,265,393.74
2,612,1506.1200000000001
1,18,119.3
5,944,1717.36
1,26,408.8
7,1521,2379.49
15,1262,2507.07
2,310,721.94
2,619,716.57
1,498,615.14
1,64,135.31
1,205,255.89999999999998
1,189,290.51
1,154,113.12
9,1211,2332.15
1,55,240.55
2,433,486.69
5,775,2306.52
3,1008,939.78
18,4501,7943.22
14,2102,4623.3
1,56,180.94
6,1766,3672.86
3,292,641.94
12,3116,4799.9
6,2947,3907.01
1,292,496.44
12,2775,5070.35
1,248,574.02
8,104,694.4000000000001
3,810,1174.35
1,37,205.3
1,175,310.47
91,38194,60767.9
4,516,924.85
1,25,52.0
1,313,327.97
2,862,570.5
1,100,165.0
1,642,312.62
1,175,204.5
1,326,267.13
3,1181,2748.31
1,416,679.68
1,232,162.29
1,386,311.71
1,116,208.75
3,486,1049.7
2,1312,714.96
4,652,1661.06
1,344,1028.56
3,273,348.72
1,80,173.97
2,416,574.07
1,812,2020.52
1,283,406.09
1,84,364.5
3,116,563.94
1,81,393.54
1,144,252.42000000000002
1,130,201.60000000000002
1,84,158.04
2,327,473.81
1,51,115.65
7,753,1960.1100000000001
2,343,777.02
2,45,277.05
10,1673,2766.5
22,7050,8347.2
1,223,427.93
1,336,418.92
1,144,326.0
2,493,913.19
7,1084,2314.32
2,621,602.51
4,1057,1877.59
1,230,446.94000000000005
7,830,2386.05
1,2924,2007.3999999999999
12,500,2415.91
1,126,168.0
3,619,1233.3600000000001
7,2305,3703.29
5,376,1690.2600000000002
2,171,596.85
6,4012,5955.71
2,596,642.41
1,161,316.88
1,446,394.14
1,88,140.54
1,400,500.0
4,1277,1535.53
2,150,231.86
4,910,2183.54
1,17,107.45
1,122,288.18
1,20,94.0
2,769,1345.53
3,611,815.77
5,390,716.2
2,693,626.35
1,193,349.1
2,254,510.71000000000004
4,558,1056.44
1,106,267.18
8,1200,3450.84
4,530,1358.88
1,108,190.53
3,443,774.9000000000001
1,575,572.8100000000001
4,2090,3984.32
1,284,508.8
1,230,135.86
4,500,950.36
2,38,97.7
1,101,43.5
2,554,383.34
5,674,1447.39
3,1013,1483.14
1,102,93.78
2,380,397.35
1,65,171.19
2,534,533.3
5,647,1041.48
1,54,149.29
3,613,1122.53
1,79,200.16
1,59,156.57999999999998
3,197,383.68
1,120,594.0
7,1663,3236.91
2,764,1418.26
1,58,113.5
1,85,155.17
1,232,494.64
3,812,974.52
1,376,429.84
3,283,538.73
7,845,1388.37
1,86,179.1
3,660,447.22
1,132,237.07
1,156,161.64
1,109,216.76
3,172,234.6
1,106,126.14
1,350,1048.85
18,1257,7354.62
1,246,334.53
3,310,524.88
2,155,467.51
2,153,538.55
1,266,469.48
1,251,371.56
7,672,1771.2
1,319,454.10999999999996
2,585,1441.42
1,303,905.5
11,5019,11014.96
4,295,233.81
4,3152,3594.31
3,1306,2575.0
1,73,91.32000000000001
3,608,1134.28
6,1646,3100.09
2,483,659.4599999999999
5,560,2001.8
2,1148,1299.23
2,624,1262.2
27,6105,13316.4
4,572,1131.56
10,4232,6923.98
1,74,147.09
1,33,52.83
5,2390,3610.96
3,848,979.26
1,162,492.36
6,440,1000.27
1,2,250.0
5,271,909.23
2,68,121.0
19,5709,14758.220000000001
11,2160,4139.46
3,27,62.43
1,293,267.03
8,1273,1942.45
1,314,343.5
8,1836,3000.2
2,573,398.84
1,132,412.01000000000005
1,4,440.0
3,414,823.42
2,24,148.44
8,992,2429.78
1,123,229.33
11,3495,3992.68
4,950,1502.35
2,1105,2007.44
4,519,1571.03
3,289,807.57
4,143,536.4
1,29,110.92
1,410,538.46
1,200,213.3
1,49,85.13000000000001
1,86,127.86
9,3109,3546.71
2,163,292.71999999999997
14,4032,4954.84
3,695,1689.51
4,295,575.63
1,218,436.06
1,60,90.12
1,451,437.23
1,74,217.2
16,4409,4802.18
1,236,279.77
1,219,473.65000000000003
4,267,800.59
1,39,134.55
3,1441,1361.44
2,60,173.16
1,223,186.01
3,461,758.29
5,666,1375.71
12,2067,4165.52
4,264,650.4300000000001
7,1229,2552.86
2,362,599.5
4,349,702.25
1,404,940.6700000000001
3,89,258.88
1,52,127.1
2,120,348.6
10,283,721.63
3,453,682.9100000000001
4,314,725.11
1,320,455.3
4,312,913.6800000000001
3,243,478.53000000000003
1,354,388.58
1,60,199.8
5,983,1771.78
5,561,1406.59
1,279,324.57
1,160,240.68
2,718,761.74
14,4983,6776.56
9,1141,1297.8700000000001
1,96,48.480000000000004
1,159,216.39
5,441,1198.23
9,892,2920.16
1,202,104.76
4,714,1093.68
1,148,298.48
1,66,112.46000000000001
11,502,1570.45
2,52,195.15
23,5508,10399.74
4,453,776.85
1,136,336.40000000000003
3,915,1553.18
4,501,1293.03
9,1674,3709.56
1,125,301.03
4,357,588.13
4,1188,1534.26
2,766,675.8
9,1894,2870.2400000000002
2,800,1186.35
8,2109,3285.31
1,99,243.55
2,284,724.76
1,128,223.36
1,323,425.32
15,6607,12515.66
4,1562,1887.2
3,246,664.0
4,557,813.0
1,255,611.59
3,394,447.64000000000004
2,221,657.35
2,192,816.0
3,479,646.3
1,208,337.74
2,1200,877.4399999999999
2,475,922.53
1,324,560.67
4,343,748.5
1,24,30.0
5,242,1024.1000000000001
1,111,306.45
9,1050,1600.86
2,236,309.8
1,106,138.14
1,157,386.43
2,1666,2242.01
1,240,301.32
1,72,76.32000000000001
4,342,684.34
1,91,173.05
7,1699,2657.13
4,1514,2881.02
4,1274,2111.89
3,527,323.69
3,2252,3435.76
1,319,657.23
1,184,352.7
4,1170,781.28
3,952,1333.68
5,816,1426.16
1,131,193.75
9,1310,2993.1
2,84,254.1
2,408,239.76
1,72,136.8
1,138,191.04
13,1676,6464.4
2,212,409.98
8,1028,2736.46
1,113,309.65
2,357,696.68
4,923,1542.14
1,66,211.5
4,1028,2293.62
1,62,143.1
4,321,1060.56
4,605,945.58
7,1267,3364.2400000000002
1,121,133.25
5,486,1072.3600000000001
2,150,356.7
2,187,330.88
4,744,1118.81
1,70,150.3
13,2724,5043.96
1,281,598.73
1,409,507.08
5,1026,2222.56
1,87,203.1
2,73,218.25
1,221,415.25
7,3065,5178.96
1,28,85.0
3,689,1120.88
2,215,294.12
1,62,162.3
2,346,1339.45
8,599,1205.1200000000001
16,2982,4812.42
1,472,449.12
1,152,154.88
4,216,784.46
1,120,34.8
4,421,1094.59
1,178,196.88
3,480,974.04
1,51,149.31
3,18028,44534.3
8,1786,2465.48
7,1978,2637.38
1,144,79.2
3,199,458.57
6,1427,2364.25
4,242,532.96
2,491,714.42
1,47,205.25
3,60,253.04
2,251,583.75
2,271,1086.92
6,2050,3279.97
1,170,315.06
3,244,621.8299999999999
26,29672,56252.72
1,311,635.6800000000001
1,87,270.8
1,68,104.9
1,138,241.62
4,378,1047.11
3,220,475.28000000000003
3,180,345.46
3,864,2614.7400000000002
1,212,246.3
5,1612,2328.9700000000003
3,3364,4932.2
3,540,948.05
1,438,351.3
1,114,220.85
2,731,1612.69
3,553,965.61
1,581,610.01
8,860,2710.56
3,872,2192.4
3,955,884.14
2,335,699.08
3,570,1063.95
1,290,415.82000000000005
13,2567,4206.39
17,3387,5528.4800000000005
3,602,784.58
3,430,903.9
4,1343,3734.9700000000003
5,301,515.77
4,861,1391.98
6,1071,2218.62
5,922,1801.14
2,603,1303.9099999999999
4,1271,1945.33
5,1856,2100.6
4,1357,1905.45
1,128,206.98
2,202,570.96
2,375,885.47
1,220,532.94
3,963,1654.31
14,882,1836.0900000000001
2,996,636.14
1,415,576.0
3,1105,801.76
1,465,836.79
4,963,2231.25
4,439,954.09
1,26,137.37
1,189,391.98
19,18368,33643.08
3,675,1048.49
2,396,355.56
4,942,1224.06
1,27,118.95000000000002
1,134,130.73999999999998
8,1926,3711.77
2,449,389.27
2,302,238.85
2,48,160.71
1,135,110.8
12,939,2974.65
5,470,712.24
27,11002,16386.31
1,308,297.0
5,1167,1438.85
8,440,977.21
8,2544,3165.36
4,585,832.88
2,19,68.84
6,1192,1936.3200000000002
3,368,895.13
1,126,230.53
15,2041,3806.1
2,175,149.64
1,335,354.09000000000003
2,212,360.93
7,2534,4405.88
2,371,493.28
1,211,343.28000000000003
5,260,501.39000000000004
4,264,514.08
2,223,396.48
1,109,349.35
1,147,181.09
1,67,162.64
2,209,427.57
1,441,521.97
2,167,262.9
1,94,179.17
2,261,222.05
5,570,1388.88
1,39,56.25
1,221,351.11
3,377,361.9
7,2410,5126.76
1,84,164.68
7,544,1567.69
3,508,966.6
1,98,191.94
8,1015,1232.18
2,185,264.62
8,757,1528.09
1,42,123.1
2,153,334.23
2,545,639.89
3,94,163.55
1,166,336.03000000000003
1,138,369.5
1,122,127.08
1,93,207.15
1,139,426.63
8,2325,2495.87
3,885,1107.46
1,114,108.03999999999999
1,73,145.35
5,240,404.58
14,4727,6100.01
1,4,35.8
1,232,337.44
1,50,325.1
1,52,181.0
1,898,1708.24
2,567,955.24
2,284,364.72
4,729,1765.51
2,313,708.22
4,399,806.57
8,892,1659.3799999999999
14,2135,4416.26
1,211,428.89
1,33,104.35
2,298,470.76
4,453,845.64
2,211,418.83
3,124,666.1
1,116,314.1
12,1716,4194.9
1,106,307.82000000000005
7,2262,3442.15
1,243,371.01
2,277,430.94
2,1016,1054.73
1,888,1098.78
3,1560,2398.86
8,1866,3408.48
4,892,1475.02
10,1843,2837.67
2,1086,1142.42
1,268,168.12
7,1556,1451.28
1,181,158.03
2,443,792.11
1,17,41.989999999999995
7,2045,2788.87
1,177,427.07
6,384,1060.68
5,2041,3089.97
3,5110,12393.7
5,1185,2735.37
4,300,615.39
1,84,101.4
4,1393,1701.94
3,323,478.78
4,378,992.71
3,210,407.5
16,2042,3362.71
3,799,1415.29
47,15536,37130.6
3,265,662.38
3,908,705.1
8,620,1508.76
1,102,211.88
2,190,408.90000000000003
9,1733,3786.2400000000002
3,487,851.01
1,261,628.28
3,358,719.81
1,378,245.96
1,338,439.65999999999997
1,243,236.09
6,1147,934.62
62,40207,72882.09
1,283,331.24
2,423,548.94
20,3539,8816.4
3,242,437.7
2,716,758.92
3,428,855.02
3,244,471.78000000000003
3,684,1313.55
3,1584,3166.4
5,755,1197.27
4,503,773.99
4,897,1340.7
2,144,256.44
3,793,1111.79
1,278,137.9
1,282,362.06
2,1793,1511.95
1,380,783.9
1,22,134.8
1,347,664.85
7,863,2263.12
6,643,1459.8600000000001
4,800,1153.62
1,262,335.32
1,231,372.09
5,936,1521.87
2,457,852.15
1,180,326.24
1,140,584.3199999999999
1,48,122.39999999999999
10,1435,2234.73
1,16,79.2
3,864,1352.0
2,128,217.16
5,1477,2806.9
2,908,1317.62
1,216,436.18
5,636,981.51
5,511,1121.39
2,154,315.06
3,628,817.86
1,20,17.0
4,647,1078.23
1,155,320.62
1,87,185.04999999999998
7,613,2005.63
3,434,731.9
1,757,1290.7
3,942,1842.14
6,558,1429.64
1,123,302.36
1,330,336.96
1,74,108.38
7,1176,3204.1600000000003
1,615,842.5
2,612,611.88
3,733,1337.48
4,574,195.73999999999998
1,176,161.38
1,43,135.75000000000003
8,1001,1667.97
1,248,612.78
1,130,232.21
2,240,423.36
4,878,1309.14
2,586,867.11
4,1128,684.4200000000001
1,170,307.78
1,48,249.0
1,124,289.35
4,2125,6287.77
1,323,656.25
5,988,1880.22
6,1802,3506.54
33,8887,14589.04
2,371,618.09
1,209,517.55
3,440,709.38
3,330,635.41
2,730,725.18
1,238,620.4
1,422,535.34
6,919,2424.94
1,16,175.2
11,3123,3799.4900000000002
3,427,734.13
1,246,375.0
1,72,76.32000000000001
2,308,280.52
5,1047,2053.02
1,642,1829.04
5,1073,1824.23
9,1308,3122.04
3,347,656.69
1,236,348.2
2,1162,1025.44
19,2599,5575.56
1,4,37.4
2,192,856.6
3,433,822.48
27,1892,3787.6
4,1325,1822.97
6,1770,1885.05
1,24,73.2
5,787,1140.21
6,575,1418.32
3,651,1009.5500000000001
4,533,1037.59
1,95,331.95
1,94,197.9
1,99,215.83
8,5867,10254.18
1,152,305.54
4,3791,6617.65
1,113,338.71000000000004
6,561,1158.79
2,260,529.41
12,3020,4006.94
15,5048,6911.4400000000005
4,782,981.86
2,134,215.48
1,88,215.08
13,3351,5180.52
1,219,314.45
1,128,400.68
2,523,1080.6200000000001
4,1286,1863.47
1,191,365.27
4,262,592.9
1,231,405.71
4,513,754.78
4,272,537.0600000000001
1,140,394.38
2,333,664.26
5,1179,2262.62
17,7558,21076.3
1,154,547.02
2,244,690.34
1,48,159.0
3,420,1062.75
1,104,242.35
1,254,914.9300000000001
2,91,304.25
7,2088,3084.68
3,717,864.86
1,365,846.72
4,1116,1295.3
5,493,1096.32
3,192,255.12
1,90,314.22
2,318,1010.6
2,365,542.03
4,550,990.88
3,174,536.6800000000001
4,329,857.31
1,184,432.2
2,228,414.2
2,1641,3718.8
13,1453,2607.87
7,1982,3603.21
2,110,409.1
2,855,1522.75
3,1014,1413.66
1,182,114.56
1,78,152.94
5,950,1800.07
2,208,389.44
2,3233,3683.86
8,1767,2619.91
1,581,752.4300000000001
1,1,21.95
5,2994,5203.51
1,311,1035.45
4,306,746.83
9,2644,5347.0
7,398,861.89
2,532,617.65
1,688,1141.24
4,1037,1414.24
1,224,411.7
1,153,337.75
1,336,559.87
1,420,810.6000000000001
1,114,566.38
3,1054,1509.58
1,934,2062.06
1,114,168.3
5,1234,1569.11
2,544,823.97
1,298,142.5
1,191,302.25
10,982,2248.9900000000002
4,841,1328.55
1,206,301.9
3,198,598.2
1,158,233.22
3,2659,5360.63
1,256,361.21999999999997
6,487,632.27
4,8000,2560.0
2,467,706.57
2,394,616.26
2,165,274.15000000000003
1,75,226.37
8,1484,2938.91
3,890,1341.65
1,199,328.15
1,72,404.40000000000003
2,732,1038.46
5,135,373.65000000000003
2,231,326.75
1,50,207.50000000000003
3,282,428.68
3,194,594.24
14,709,3110.96
6,2535,3813.62
3,147,251.91
7,801,1593.2
22,32184,26626.8
1,87,151.05
1,94,214.79999999999998
1,23,109.95
1,501,549.07
4,1398,1971.87
4,157,322.41
2,195,370.47999999999996
1,18,101.10000000000001
1,289,575.41
2,353,887.65
7,813,1467.11
1,9,53.5
4,545,1116.47
1,90,153.9
2,300,494.44
23,2006,6675.71
2,150,395.8
3,93,211.77
3,246,658.88
4,1302,2027.5
9,1183,1750.92
6,2144,3512.53
4,421,896.66
5,351,734.77
1,52,109.36000000000001
2,280,707.04
9,504,1540.42
1,256,327.3
2,647,804.49
2,260,497.43
3,1031,1551.58
4,647,1320.56
2,166,367.93
2,239,465.08
2,694,987.01
1,1500,676.2
3,267,362.95
4,1410,2157.4
1,1524,1780.59
2,475,668.36
2,260,584.5
3,261,555.89
2,224,317.2
1,44,94.36
4,1242,1382.07
1,203,221.19
13,1576,3046.21
5,2604,1555.34
5,1476,1486.9
2,758,1705.8
2,246,406.77
1,172,303.93
12,3882,4098.32
2,149,299.6
1,114,177.5
1,157,443.05
2,187,167.25
1,122,163.07
10,1124,2126.93
5,1306,2028.88
2,132,214.65
1,73,151.83
1,148,262.2
2,27,126.25
1,187,210.35
3,672,1051.4
3,288,675.27
6,436,972.23
51,33704,34684.4
1,230,346.12
1,88,133.56
1,199,302.7
10,1243,1908.25
2,156,241.06
1,9,284.55
1,103,300.85
3,453,642.81
1,276,287.4
1,106,184.26
7,767,1522.25
5,463,798.35
5,2018,3640.67
2,173,381.2
3,446,616.79
4,407,654.67
1,111,230.51
2,80997,168472.5
1,223,259.01
1,78,188.89000000000001
2,367,707.69
1,200,311.92
1,120,266.97
1,2,5.9
7,988,1841.18
5,1148,2158.37
1,140,208.36
18,2154,3482.7400000000002
3,879,814.72
1,49,151.42
3,16,136.0
4,1163,1422.4
3,963,1314.68
7,789,1603.46
1,31,74.9
4,273,650.43
4,531,762.39
1,141,223.95000000000002
3,196,316.11
7,941,1871.3400000000001
4,319,544.3
7,1415,2494.46
3,224,331.0
2,102,300.83
1,455,769.29
1,346,220.62
1,44,139.35
2,200,404.3
1,235,363.65
3,728,498.8
1,478,731.5
4,1164,1351.63
1,675,826.53
3,337,684.41
3,1111,1599.52
6,1396,2965.69
2,45,100.97
2,127,365.45
6,123,400.86
4,569,1431.93
1,524,484.38
1,576,777.6
2,42,90.30000000000001
1,64,363.7
1,92,248.1
3,413,948.26
4,407,874.59
5,833,1627.13
1,58,101.69999999999999
1,96,162.7
2,327,484.32
2,53,212.98
3,558,1046.57
21,4265,9418.470000000001
26,7397,13027.45
1,106,290.36
1,106,228.06
1,171,244.41
1,198,455.25
7,915,1244.59
3,2016,6748.8
3,612,1095.56
1,356,593.75
1,251,548.97
4,477,1388.81
1,46,119.62
1,78,339.3
2,549,787.15
10,2365,4154.64
5,1540,2298.97
3,970,922.12
2,219,379.73
12,4600,5719.82
3,402,837.1
2,175,285.89
7,1890,3313.79
2,111,281.85
20,5377,8338.49
2,504,841.41
2,244,511.12
1,486,1077.74
1,46,173.7
5,362,614.66
2,996,865.6
1,93,124.2
10,2112,3738.4
3,1239,1421.69
3,532,1009.6
2,360,663.61
1,416,451.44
1,134,105.84
1,164,313.62
1,111,233.45
2,646,936.08
1,95,463.95
1,71,225.15
3,368,459.24
1,41,213.5
16,2927,4113.68
3,116,330.03
1,64,181.09
1,335,360.16
2,97,250.15
1,184,90.04
1,73,145.04999999999998
6,1145,813.52
1,131,243.63
1,336,528.08
2,480,482.47
14,2859,3347.71
7,2420,5493.46
1,66,75.66
1,47,129.49
4,506,1187.66
1,293,618.59
1,223,506.19
2,370,500.42
1,91,151.85
5,1363,2647.59
1,133,226.21
2,88,178.96
4,302,813.48
1,39,129.45
2,488,810.5699999999999
1,164,333.08
17,2690,4413.1
1,162,322.8
5,1205,2188.05
2,493,417.73
6,1138,2883.1
2,82,217.9
4,927,1154.47
10,1255,1680.72
3,510,1257.51
1,256,231.10000000000002
2,479,688.33
1,269,487.51
2,826,833.78
2,146,214.06
1,281,290.65999999999997
1,372,518.42
7,3283,6773.97
2,733,1212.66
4,282,601.27
6,2367,3794.52
15,8894,8625.8
4,1229,933.62
1,40,123.24
1,72,39.12
4,571,1267.6499999999999
1,59,135.39999999999998
1,233,118.98
2,237,570.13
6,318,306.71999999999997
2,878,1370.47
11,2556,4095.9
3,875,1692.27
20,2832,8134.9400000000005
2,188,319.61
4,636,1592.1200000000001
12,2397,3109.99
1,29,129.75
1,94,183.7
6,1407,1770.34
5,1040,1028.0
28,50255,66653.56
2,396,324.24
7,2030,3062.83
4,804,1260.86
2,330,422.59999999999997
2,138,225.57999999999998
2,151,1126.0
2,204,482.01
4,146,657.9000000000001
1,27,112.75
2,840,1998.0
13,4024,5076.55
13,6393,5398.3
20,5476,14034.99
3,249,531.35
1,285,656.63
5,851,3029.87
10,1836,2483.04
5,833,1651.03
11,1746,3637.78
15,4276,6923.13
2,609,1146.53
1,642,301.71999999999997
2,120,901.2
6,1866,3858.38
1,413,623.75
7,1204,1790.42
1,182,155.24
1,172,292.47
13,5001,4730.81
2,399,589.15
6,293,779.57
5,977,1382.02
1,177,272.82
4,677,1054.67
21,5779,7236.6
3,994,743.11
1,317,603.75
3,346,650.51
5,1573,2300.56
1,288,417.59999999999997
1,3,3.75
1,172,323.0
7,2047,2238.09
7,805,1304.76
17,6735,7194.3
18,4665,6697.66
2,583,836.06
5,880,1515.9
5,214,623.93
1,1031,1764.72
1,54,207.5
1,189,223.92000000000002
1,4280,2002.4
3,1064,1496.83
1,106,239.4
1,81,106.83000000000001
1,203,369.34000000000003
3,609,789.79
1,341,316.62
3,618,1501.38
1,319,611.85
13,1259,2799.25
1,4,34.0
2,536,1145.6
11,4435,5580.6
3,196,478.09000000000003
1,83,380.39
5,464,770.1
5,1477,2234.81
1,171,171.59
4,322,661.52
11,440,1695.66
1,262,388.28
2,64,226.35
2,194,245.94
22,5325,10629.720000000001
2,271,425.19
1,113,311.25
13,712,2279.9
1,24,107.6
2,310,595.83
1,32,80.8
6,898,1545.6200000000001
7,762,1709.03
2,44,110.38000000000001
1,146,243.84
10,936,1220.69
1,239,414.88
1,186,305.62
1,540,1201.49
4,499,1619.73
1,245,332.3
3,246,536.99
2,539,460.59
4,377,775.54
3,778,1121.59
2,196,288.42
5,652,914.69
1,114,309.54
2,477,547.07
1,81,479.35
10,1525,1692.98
21,2763,6499.2
4,274,417.06
9,822,1604.75
11,2165,3349.57
1,307,497.61
1,136,358.38
2,236,460.64
2,566,775.1800000000001
1,158,341.7
1,58,113.5
1,99,197.22
1,264,325.91
3,33,199.15
4,440,1106.53
1,358,413.46
2,61,180.85
2,165,251.87
11,1563,3170.98
2,185,588.85
34,8975,16594.35
6,2250,1869.82
3,693,1264.19
16,10159,10196.57
1,135,214.32
1,78,193.44
1,182,281.42
1,33,124.57
1,249,332.41
3,271,342.45
2,56,144.91000000000003
2,164,328.4
1,12,35.400000000000006
1,91,375.69000000000005
2,827,747.81
2,140,173.76
2,409,502.8
3,60,207.73999999999998
4,585,825.42
6,1253,2812.34
3,600,680.02
6,3840,7123.62
5,1069,2095.53
6,463,853.72
1,12,13.3
7,753,1519.08
1,600,432.0
3,424,705.12
2,104,276.73
2,320,429.84000000000003
3,184,471.51
1,157,194.88
3,925,1578.67
5,283,809.7
5,239,525.54
1,62,145.93
1,102,219.14
2,73,289.78
3,419,508.81
6,522,1281.56
3,832,882.16
1,629,1706.88
1,262,373.24
15,2023,3735.4700000000003
7,1408,3102.43
4,281,579.77
5,298,981.65
1,436,379.14
8,886,1510.06
11,1029,2575.38
1,82,113.44
1,121,208.46
6,132,621.6800000000001
2,440,576.26
1,232,391.52
6,721,1068.82
11,1413,2596.45
1,171,169.79
19,3417,7247.61
3,493,846.75
1,35,230.25
3,993,543.05
17,2113,2839.65
7,929,1295.39
3,341,380.55
21,3158,4604.22
1,87,161.94
2,288,563.23
2,399,950.9300000000001
1,173,262.68
4,2540,2736.38
3,2169,3049.88
9,811,1920.59
3,145,816.73
19,2725,4345.5
1,312,406.48
3,1614,435.02
6,791,1286.27
3,644,1178.56
3,1318,1277.75
2,92,167.61
1,10,20.8
9,1054,2085.08
4,266,518.67
1,114,308.74
2,172,416.64
1,49,117.35000000000001
3,301,505.1
1,125,234.17
1,35,110.55000000000001
1,243,192.07
7,1981,2154.97
1,333,319.02
2,326,439.43
3,816,650.41
1,72,357.21
1,88,251.51999999999998
1,166,344.33
6,865,1852.0
2,788,1078.96
1,182,384.06
7,1379,1931.25
2,2423,4481.35
10,1832,5464.12
2,1040,1873.2
7,402,1625.05
1,43,126.12
6,1233,1133.25
1,100,179.0
5,860,1614.31
6,544,1456.96
3,360,702.0
4,76,295.0
2,294,484.82
11,2164,3989.57
3,679,1493.73
2,819,1412.94
4,272,781.78
6,597,889.9300000000001
1,118,195.36
1,186,270.9
3,245,586.33
3,1981,1842.56
20,6673,8694.26
2,176,920.1
4,827,1272.61
1,108,71.0
3,69,95.85
3,235,357.77
2,97,154.82999999999998
6,421,890.29
2,400,716.0
1,146,146.87
2,235,380.35
3,750,1030.14
3,410,745.52
2,229,433.53000000000003
1,656,1267.32
1,28,112.4
1,181,449.73
3,951,1081.57
5,994,1044.3799999999999
4,998,1735.18
1,504,948.48
3,106,339.44
1,510,642.02
3,533,1100.9
3,485,925.35
9,2676,5659.9800000000005
6,1614,3228.84
1,184,247.14000000000001
1,261,413.75
1,122,498.48
5,804,1356.33
3,592,1179.89
5,1855,3095.04
1,216,234.24
11,1526,5232.2300000000005
4,418,533.33
7,770,1461.14
3,318,859.35
21,2159,4545.89
9,1506,2709.7000000000003
1,133,312.14
9,1197,2429.03
4,758,1444.84
4,292,834.12
3,295,841.0799999999999
2,782,375.86
1,24,118.80000000000001
2,166,287.62
2,78,290.16
2,1049,2003.85
3,772,1405.78
2,1816,2949.75
5,786,1566.65
6,1859,2050.08
4,868,1991.01
7,921,2043.95
9,1746,3827.76
4,1131,1777.78
1,152,302.0
3,618,1324.16
4,339,1022.13
8,459,954.42
2,800,971.74
4,815,1621.73
1,2,25.5
2,693,665.78
6,4837,10815.43
6,589,885.04
1,50,163.29999999999998
1,302,248.61
8,219,808.62
3,372,837.5
1,68,116.19999999999999
1,154,157.02
2,334,606.91
1,120,307.46
1,80,138.32
1,246,345.29999999999995
1,130,298.89
1,291,259.35
5,792,1004.75
1,76,157.09
5,983,2463.17
7,2730,4892.240000000001
2,102,425.0
7,1224,1139.73
1,126,380.5
12,5182,10668.47
1,302,465.32
1,81,579.0
2,483,984.57
3,212,749.78
4,882,1714.59
1,82,124.88
3,517,1689.5
1,104,213.78
1,490,329.34
2,242,251.70000000000002
2,172,319.0
3,778,1266.97
3,1111,1538.88
6,2856,3518.03
10,1001,1715.46
2,66,293.1
7,1501,2467.35
1,100,158.68
2,78,206.34
2,526,835.78
1,185,224.91
1,480,317.76
8,1122,3766.6
1,41,59.9
4,866,1443.69
1,170,306.13
3,290,711.79
4,683,796.03
2,241,239.92000000000002
6,1296,3347.31
2,200,144.0
1,144,203.95
7,1328,2474.23
2,227,384.40000000000003
2,161,444.74
7,1167,2095.13
7,1254,1699.3000000000002
1,112,226.78
1,191,1013.01
3,357,692.22
1,268,342.63
6,2850,3563.85
4,646,1564.56
1,884,384.08
1,76,204.24
8,1323,2317.2200000000003
1,147,226.85
7,1176,2781.23
6,276,1069.1200000000001
1,24,113.5
10,958,1960.72
1,89,114.23
14,1905,3198.25
2,288,335.13
1,128,354.15
2,111,391.79
1,406,393.49
6,741,939.32
8,1532,1906.09
2,185,318.76
8,1651,3638.41
10,1742,3174.32
2,203,421.52
1,131,190.88
1,55,149.89000000000001
2,224,550.06
6,474,916.13
2,105,314.69
17,1822,3744.65
1,150,382.5
2,611,1135.04
26,3366,8668.45
1,616,954.9
1,75,171.45
1,106,282.19
1,213,318.65
2,168,384.52
1,110,283.28000000000003
2,193,353.86
1,43,178.26
2,252,272.44
2,232,298.41
2,141,240.0
2,410,603.37
5,367,1253.3600000000001
1,36,63.440000000000005
2,394,562.9
3,161,310.64
2,159,317.62
4,844,763.64
4,1778,2148.63
1,79,111.97999999999999
2,430,1065.3500000000001
1,179,246.04
1,48,187.82999999999998
3,1877,1703.41
6,1364,1652.58
1,118,153.92
7,559,1064.11
7,1203,1419.73
3,520,944.41
2,404,525.24
1,72,550.8000000000001
9,1140,1875.1100000000001
3,294,556.95
1,67,131.78
2,387,498.42
4,678,669.11
1,149,197.63
5,575,1135.63
1,144,250.04
19,11491,8631.31
1,41,82.75
2,1005,1384.85
3,372,644.3
1,1402,2328.84
8,1896,2527.92
36,3862,6252.18
3,1146,2600.34
3,634,1200.6200000000001
2,373,700.86
7,772,917.67
4,844,990.23
1,60,96.8
2,142,523.11
2,120,363.9
1,16,175.2
1,375,494.25
2,315,307.02
4,1268,2026.42
8,3113,6635.14
2,152,243.36
11,5967,12353.29
3,489,781.36
1,56,193.64
1,66,160.57
4,346,537.74
15,1657,2676.56
1,216,228.96
5,1401,1159.52
1,112,110.75
4,795,1286.07
3,113,587.15
2,1200,1740.0
1,1006,1393.06
1,166,178.22
2,153,388.14
2,202,365.85
1,161,127.86
3,335,585.79
3,157,488.2
2,191,312.23
11,2701,4481.18
8,4765,4796.52
1,150,168.4
8,1391,1912.67
4,540,446.18
3,152,423.89
8,749,1342.68
4,408,646.92
2,85,495.77
3,367,400.1
2,86,203.2
20,2076,4100.92
1,663,404.66
29,25649,20275.61
1,25,65.4
1,150,199.29
2,88,336.4
1,201,261.11
6,1902,2686.42
2,542,784.11
4,1068,1259.56
34,7612,31833.68
2,480,508.8
2,318,451.91
1,241,203.86999999999998
7,2004,7312.8
2,254,696.41
3,310,653.38
5,1097,2129.96
12,700,2598.85
1,117,281.62
13,32744,31781.82
3,726,1031.41
3,787,2200.42
1,3,32.65
2,105,771.85
5,616,1214.72
3,306,778.94
7,738,1258.06
2,2100,778.0
1,114,507.84
7,4302,6893.42
2,289,463.46000000000004
12,1876,4226.57
3,265,598.83
6,2253,1979.37
2,459,698.41
2,407,759.17
6,3094,5037.26
1,34,100.8
28,9474,17256.85
3,624,524.9200000000001
2,190,265.76
1,292,403.3
2,207,365.76
1,185,303.15999999999997
7,1693,2373.82
2,90,216.29999999999998
1,103,388.45000000000005
3,246,186.42000000000002
6,1496,2248.56
1,504,534.24
2,2118,2389.1
2,198,120.9
2,443,541.53
7,1121,2517.86
46,69993,194550.79
7,1203,1721.4
2,219,486.71999999999997
4,243,517.53
1,66,131.7
1,222,249.86
5,826,1737.7
1,170,316.5
2,537,657.3
6,236,622.4300000000001
3,799,757.46
2,227,675.69
5,1095,1896.41
1,220,289.96000000000004
2,306,763.28
2,116,137.0
5,787,1870.97
5,1675,1125.07
3,462,710.29
1,178,194.37
1,338,511.82
4,1061,1255.59
3,191,414.04
1,191,396.87
2,428,376.64
7,1134,2092.32
10,2013,3558.87
1,155,374.57
2,229,497.56
1,79,271.05
1,394,272.22
1,711,622.88
3,17,1138.0
2,160,288.6
4,376,689.1
2,486,558.96
9,1664,2997.0299999999997
2,556,1145.84
1,139,302.2
2,359,605.58
1,289,387.31
8,3534,6115.14
1,214,308.48
31,64549,91062.38
10,2753,2924.9900000000002
1,254,513.2
1,135,208.65
4,243,639.02
5,416,768.08
1,102,153.94
6,1236,1844.02
1,365,546.81
3,519,723.2099999999999
5,1022,1066.15
4,872,652.74
1,90,145.0
1,82,422.70000000000005
4,310,1195.8999999999999
4,488,939.37
8,2138,3628.5
10,1523,2380.41
1,136,296.7
1,103,223.36
1,136,164.4
1,6,76.5
2,700,897.62
1,134,98.42
2,194,578.9
1,134,170.75
3,341,645.96
1,58,103.3
2,210,148.86
3,86,267.16
1,150,306.84
4,719,930.41
1,1048,1487.6
5,1763,1952.45
2,349,483.26
1,101,157.9
3,306,541.46
5,651,854.95
1,146,167.62
7,817,1122.38
3,146,454.01
2,518,901.21
8,2632,4331.48
1,159,344.14
4,904,1497.26
4,95,226.75000000000003
3,308,380.6
1,77,185.65
19,1994,3622.68
1,138,143.45999999999998
3,258,448.90000000000003
3,87,212.77
25,5927,11045.04
1,123,175.27
2,458,1242.3
4,1671,1133.07
3,676,1240.2
4,1630,2402.92
3,827,1477.97
7,1009,2225.9700000000003
5,3101,3927.34
2,550,993.18
2,229,388.79
7,4400,2827.93
1,1176,2044.3700000000001
1,144,161.67000000000002
1,103,116.00999999999999
6,4151,5102.97
1,74,394.72
2,169,309.36
2,232,193.42
5,696,1104.72
15,2560,3984.22
6,1808,2048.45
14,2496,4559.150000000001
1,238,390.07
3,140,329.6
3,224,571.1999999999999
3,331,971.58
1,127,218.52
1,60,81.44
3,514,1379.9
1,265,527.0500000000001
2,554,843.48
4,1198,2047.0
1,79,75.75
8,1629,1814.12
2,158,503.59999999999997
3,334,528.33
4,644,1324.84
9,840,2361.9700000000003
1,182,285.56
2,280,547.0600000000001
1,49,108.5
1,250,621.66
2,474,712.29
1,71,101.55
11,1793,2895.64
3,323,1008.39
1,30,133.06
4,487,1797.5
1,399,868.49
1,150,166.08
10,3112,3945.0
12,2509,4867.72
4,1409,1207.56
1,41,117.55
7,1116,2638.94
5,1399,1674.69
2,616,595.42
12,1525,2999.46
1,130,196.0
7,797,1802.91
2,604,604.64
2,596,728.16
5,1037,2055.51
2,93,347.75
7,1916,3406.7200000000003
1,110,205.7
4,772,1572.71
2,1690,3178.17
6,1487,1629.12
2,672,551.04
31,8360,20374.28
6,932,1387.68
30,9775,16363.23
1,207,298.11
2,729,1992.1100000000001
1,96,184.4
6,1367,2474.33
1,145,239.41
7,1956,3191.53
7,2478,5739.46
15,1773,4757.95
2,134,290.40000000000003
4,624,725.5799999999999
1,231,200.47
1,184,283.12
2,779,765.34
8,1756,2285.71
1,93,338.95
1,93,154.95
4,1266,2534.64
1,109,417.95
4,1353,1824.37
3,590,798.74
2,343,885.19
9,963,1823.52
17,3899,10504.49
2,144,152.4
2,91,267.08
1,17,137.45
2,246,385.1
1,215,522.91
1,92,153.0
1,384,326.4
11,3072,5655.99
1,83,139.35
15,2466,5396.04
4,576,1195.94
4,1595,2424.04
6,792,3276.4000000000005
3,300,1033.0
11,2162,3439.08
1,645,1060.25
3,1469,2876.01
13,3576,5298.4800000000005
4,493,1240.11
1,93,303.97
2,463,692.19
3,422,700.63
19,8439,13110.02
3,238,377.44
2,108,168.24
4,1029,1879.05
7,861,2791.35
2,89,355.11
6,3412,2322.4
1,29,110.25
1,12,71.4
2,320,674.52
9,3906,1781.28
1,192,80.64
5,1869,1772.26
30,3319,5601.34
8,2091,3456.7000000000003
3,707,833.74
2,239,287.59
1,398,712.78
1,12,15.0
2,395,818.8199999999999
3,144,371.88
1,128,271.2
3,1186,2273.1800000000003
10,1862,3997.98
5,365,1143.27
2,283,245.33
2,58,182.77
4,512,1225.41
1,72,56.4
3,507,665.86
3,397,658.57
2,34,188.02
2,354,283.47
1,67,131.94
2,200,278.74
4,910,1865.19
2,210,1112.95
1,74,225.9
14,836,1965.55
1,46,106.1
1,232,323.04
2,341,350.39
4,178,697.9
3,498,780.43
10,1758,3055.93
9,735,1198.01
3,752,1285.04
1,478,512.31
1,727,546.04
12,2057,5411.91
39,4176,7831.03
4,350,732.16
5,790,1770.8799999999999
4,30,36.56
3,67,387.68
7,1031,3704.87
1,408,298.4
5,1247,1995.46
4,655,1165.09
1,496,889.24
3,92,398.7
1,12,35.400000000000006
1,208,155.37
3,348,350.64
1,87,109.83
8,516,1587.48
5,1879,2779.3
1,285,338.8
124,23053,40967.72
1,88,197.73
1,52,51.559999999999995
9,398,901.1999999999999
4,114,605.8000000000001
34,1733,5391.21
2,53,114.34
2,84,311.26
1,197,208.97
4,842,1418.03
22,14822,25301.54
12,2706,5155.66
1,127,148.21
1,104,252.8
8,1988,2100.8
1,100,330.9
6,2638,3160.0
3,810,597.5
20,5756,10524.220000000001
1,174,329.65
6,542,1197.1000000000001
5,111,428.18
12,1401,1894.35
1,182,155.9
5,1046,1729.7800000000002
6,221,683.46
1,98,237.61
1,401,379.45
1,45,178.51999999999998
1,314,458.92
1,32,133.35000000000002
4,379,671.77
4,854,717.45
1,167,190.19
3,481,899.61
1,30,111.35
8,980,726.05
2,79,203.87
2,416,602.09
1,393,203.85999999999999
3,109,244.1
1,161,112.25
8,403,1119.39
1,130,98.0
1,288,256.32
3,229,566.6
2,190,152.06
1,171,155.8
2,73,112.19999999999999
1,24,110.38
1,63,191.67
4,407,800.24
1,26,72.9
1,173,243.28
1,223,366.23
5,185,311.01
2,289,411.6
1,473,336.43
3,187,341.28
1,756,1304.04
17,2514,4192.2
4,430,826.52
1,50,207.50000000000003
7,1160,2962.5
1,72,244.08
2,306,397.29
2,68,184.46
4,108,843.0
5,1594,1740.48
2,249,408.36
3,789,1331.57
2,478,704.25
2,81,142.89
1,262,389.84
7,1754,4301.22
1,40,99.14
9,9754,2238.58
1,252,304.56
1,38,77.50000000000001
2,75,149.57999999999998
1,168,176.68
1,144,358.56000000000006
44,30450,58030.48
3,366,482.2
3,616,1008.5400000000001
12,2234,2332.72
4,273,557.3
1,1,12.75
1,275,110.72
1,84,508.4599999999999
1,41,73.78
39,560,1296.44
1,128,102.83
2,301,471.7
14,1556,2622.57
5,2571,1098.43
1,80,123.07
1,160,277.35
2,152,228.2
1,525,582.59
1,37,136.04
1,176,337.04
3,519,740.79
13,1566,4485.51
1,106,353.19
1,342,288.14
1,499,300.91999999999996
4,393,754.31
3,682,811.45
1,98,152.68
1,183,634.95
1,10,20.8
1,261,198.57
7,43,201.12
3,414,630.84
2,25,93.35
4,497,678.49
1,133,76.1
8,2298,1970.6699999999998
2,221,382.06
2,363,417.23
1,78,169.47
2,93,249.72
1,220,444.68
9,1581,2116.19
1,126,257.34
1,60,174.8
1,71,102.78999999999999
2,285,187.29
1,67,158.47
1,157,120.03
5,1029,1483.56
3,300,523.0
2,55,122.14
1,7,38.45
1,736,668.11
2,184,389.78
1,78,115.31
2,67,230.64999999999998
1,42,73.5
1,253,97.97
2,561,422.88
3,611,730.4
3,234,405.62
6,20,70.02
2,148,357.20000000000005
21,3819,4183.39
1,33,165.04999999999998
3,282,559.51
10,1033,2088.6
1,142,189.4
2,127,172.29000000000002
1,40,74.4
1,302,300.02
10,2455,6784.1900000000005
1,211,363.65
1,88,170.16
3,263,306.46
10,955,2119.41
3,396,720.52
2,384,814.0
14,1027,2392.83
1,108,318.0
1,189,396.33
1,6,101.69999999999999
5,1311,2036.67
2,260,453.0
1,288,247.44
12,3108,3877.5200000000004
1,190,489.6
10,1464,2611.75
11,1878,2633.0099999999998
2,145,336.13
4,7432,3651.97
2,642,1231.5
3,195,343.45
1,621,703.37
1,312,90.47999999999999
2,265,689.95
1,106,101.34
1,3906,3202.9199999999996
1,109,167.67000000000002
11,4252,9068.26
4,1392,2106.52
7,2518,3017.3
2,419,580.0500000000001
3,825,911.15
6,1686,2697.8
1,149,168.31
2,88,223.65
60,64124,259657.3
1,362,754.64
1,46,113.48000000000002
1,128,430.7
1,84,271.0
26,4237,8052.97
1,86,236.3
2,255,352.69
1,72,76.32000000000001
1,55,220.1
8,830,1414.43
1,617,319.47
26,2870,5651.42
1,125,181.12
1,31,111.15
2,450,673.1
6,1224,1824.99
2,594,589.4399999999999
4,804,1142.99
1,138,204.49
3,188,348.73
1,48,112.55000000000001
3,824,1059.39
1,1350,931.4999999999999
5,349,681.9100000000001
3,379,784.33
1,38,152.65
6,5557,8438.34
2,1276,1019.52
2,570,1000.16
12,1343,2888.75
4,2625,2861.55
2,153,160.35000000000002
2,203,179.33999999999997
3,310,612.0799999999999
3,332,566.58
2,355,653.35
2,255,399.19
3,266,371.62
2,301,734.94
2,354,453.4
1,139,530.15
2,294,638.0600000000001
5,812,1618.69
1,184,399.65000000000003
1,254,302.46000000000004
3,382,1384.8600000000001
6,594,1169.94
1,61,202.65
3,409,980.31
5,481,1231.31
20,3184,7561.68
4,1220,2106.84
1,50,104.0
1,283,476.35
6,710,1341.42
4,983,1590.81
6,1360,1793.17
6,1721,1843.75
1,146,382.8
2,371,632.07
1,60,49.8
1,183,304.25
3,1168,2001.04
2,566,1090.24
2,140,284.46000000000004
1,140,207.79999999999998
1,339,957.97
1,124,243.76
1,632,973.8399999999999
2,433,689.13
17,4074,5425.56
1,111,163.8
3,581,1396.99
1,43,160.42000000000002
3,1200,1993.7
2,192,517.36
1,58,139.10000000000002
6,1398,2621.38
5,359,600.07
1,101,248.42
1,232,232.48000000000002
1,118,299.34000000000003
1,200,481.75
2,491,621.75
2,584,662.08
10,885,2069.77
1,288,305.28000000000003
5,791,1041.61
1,335,443.0
14,2948,6484.54
1,69,158.95000000000002
12,3244,5509.12
11,3466,5228.05
1,21,93.75
2,238,779.9
20,2488,7276.900000000001
7,1316,2810.2000000000003
5,821,2083.27
4,302,592.97
1,4,440.0
3,1578,1796.48
6,403,882.24
5,622,987.1
5,795,1561.6100000000001
1,126,422.58
17,1051,2073.09
4,1017,2232.4900000000002
7,1788,2567.06
2,166,596.1
2,511,804.02
1,128,95.34
1,199,349.27
1,7824,4314.72
2,239,526.67
1,74,103.3
8,1041,2337.63
3,714,2338.6000000000004
6,1478,2643.2000000000003
2,146,324.24
1,182,149.48
3,1468,1213.1599999999999
2,311,801.51
1,2,25.5
1,76,168.6
2,101,283.15
6,2050,3078.58
3,80,204.0
1,88,175.92
1,186,335.86
1,68,110.38
1,66,173.9
1,45,180.60000000000002
1,54,80.82
2,103,178.05
16,1395,2088.93
3,1586,1837.28
